{"count":1,"self":1717.2624383999998,"total":1788.4168409,"children":{"InitializeActuators":{"count":4,"self":0.0009966,"total":0.0009966,"children":null},"InitializeSensors":{"count":4,"self":0.0019951,"total":0.0019951,"children":null},"AgentSendState":{"count":89159,"self":12.947108,"total":13.647769499999999,"children":{"CollectObservations":{"count":118880,"self":0.20851979999999998,"total":0.20851979999999998,"children":null},"WriteActionMask":{"count":118880,"self":0.1688299,"total":0.1688299,"children":null},"RequestDecision":{"count":118880,"self":0.3233117,"total":0.3233117,"children":null}}},"DecideAction":{"count":89159,"self":47.9013536,"total":49.2169415,"children":{"RayPerceptionSensor.Perceive":{"count":356640,"self":1.3155885999999999,"total":1.3155885999999999,"children":null}}},"AgentAct":{"count":89159,"self":8.2857424,"total":8.2857421,"children":null}},"gauges":{"Striker.CumulativeReward":{"count":3312,"max":-0.0150000015,"min":-0.332999259,"runningAverage":-0.0358768329,"value":-0.0419999845,"weightedAverage":-0.04420834}},"metadata":{"timer_format_version":"0.1.0","start_time_seconds":"1645290455","unity_version":"2020.3.17f1","command_line_arguments":"D:\\Program Files (x86)\\Unity\\2020.3.17f1\\Editor\\Unity.exe -projectpath D:\/Unity Stuff\/Futsal 1 -useHub -hubIPC -cloudEnvironment production -hubSessionId d04fa5f0-90d4-11ec-8390-a55fa95e1f09 -accessToken fJCOPGyEJK6Goipuvnpg5LrNzeeJJTfzkw8i3L8brcE012f","communication_protocol_version":"1.5.0","com.unity.ml-agents_version":"2.1.0-exp.1","scene_name":"2VS2-rebuild","end_time_seconds":"1645292243"}}