{"count":1,"self":15.5165952,"total":16.3262653,"children":{"InitializeActuators":{"count":10,"self":0.0029920999999999997,"total":0.0029920999999999997,"children":null},"InitializeSensors":{"count":10,"self":0.0059844999999999994,"total":0.0059844999999999994,"children":null},"AgentSendState":{"count":531,"self":0.2178405,"total":0.24177739999999998,"children":{"CollectObservations":{"count":1770,"self":0.00099739999999999985,"total":0.00099739999999999985,"children":null},"WriteActionMask":{"count":1770,"self":0.0039927999999999995,"total":0.0039927999999999995,"children":null},"RequestDecision":{"count":1770,"self":0.0189467,"total":0.0189467,"children":null}}},"DecideAction":{"count":531,"self":0.3861465,"total":0.4111259,"children":{"RayPerceptionSensor.Perceive":{"count":5310,"self":0.0249794,"total":0.0249794,"children":null}}},"AgentAct":{"count":531,"self":0.1467935,"total":0.1467935,"children":null}},"gauges":{"Striker.CumulativeReward":{"count":20,"max":-0.0260000024,"min":-0.04499998,"runningAverage":-0.03549999,"value":-0.0260000024,"weightedAverage":-0.0270699579}},"metadata":{"timer_format_version":"0.1.0","start_time_seconds":"1645356735","unity_version":"2020.3.17f1","command_line_arguments":"D:\\Program Files (x86)\\Unity\\2020.3.17f1\\Editor\\Unity.exe -projectpath D:\/Unity Stuff\/Futsal 1 -useHub -hubIPC -cloudEnvironment production -hubSessionId d04fa5f0-90d4-11ec-8390-a55fa95e1f09 -accessToken 1UnXLo0NLK3aapE17M4JKkRvd6LTZOLTvkXdxvVGuX8012f","communication_protocol_version":"1.5.0","com.unity.ml-agents_version":"2.1.0-exp.1","scene_name":"5VS5","end_time_seconds":"1645356752"}}