{"count":1,"self":9016.8066048,"total":9307.8137053,"children":{"InitializeActuators":{"count":10,"self":0.0010025,"total":0.0010025,"children":null},"InitializeSensors":{"count":10,"self":0.0049612,"total":0.0049612,"children":null},"AgentSendState":{"count":215585,"self":70.635584,"total":73.8417066,"children":{"CollectObservations":{"count":718620,"self":0.85166979999999992,"total":0.85166979999999992,"children":null},"WriteActionMask":{"count":718620,"self":0.9418574,"total":0.9418574,"children":null},"RequestDecision":{"count":718620,"self":1.4125979,"total":1.4125979,"children":null}}},"DecideAction":{"count":215585,"self":160.2689408,"total":167.1684545,"children":{"RayPerceptionSensor.Perceive":{"count":2155860,"self":6.8995191999999994,"total":6.8995194,"children":null}}},"AgentAct":{"count":215585,"self":49.9888832,"total":49.988882399999994,"children":null}},"gauges":{"Striker.CumulativeReward":{"count":10110,"max":-0.0190000013,"min":-1.24600029,"runningAverage":-0.0727308542,"value":-0.0399999879,"weightedAverage":-0.0412877426}},"metadata":{"timer_format_version":"0.1.0","start_time_seconds":"1644859454","unity_version":"2020.3.17f1","command_line_arguments":"D:\\Program Files (x86)\\Unity\\2020.3.17f1\\Editor\\Unity.exe -projectpath D:\/Unity Stuff\/Futsal 1 -useHub -hubIPC -cloudEnvironment production -hubSessionId 8b9b3d10-8db0-11ec-8764-17b0701d9e8c -accessToken tnkMRqQ_iLDsPTcvbDjoSEo5y39fnCfY9mfCvlQ88Fk012f","communication_protocol_version":"1.5.0","com.unity.ml-agents_version":"2.1.0-exp.1","scene_name":"5VS5-arasi","end_time_seconds":"1644868762"}}