{"count":1,"self":10154.4648704,"total":12790.257448299999,"children":{"InitializeActuators":{"count":4,"self":0.0019941,"total":0.0019941,"children":null},"InitializeSensors":{"count":4,"self":0.0039895,"total":0.0039895,"children":null},"AgentSendState":{"count":502727,"self":89.8441216,"total":158.5220588,"children":{"CollectObservations":{"count":670316,"self":0.88930749999999992,"total":0.88930749999999992,"children":null},"WriteActionMask":{"count":670316,"self":0.9064124,"total":0.9064124,"children":null},"RequestDecision":{"count":670316,"self":3.1659531999999997,"total":66.88221759999999,"children":{"AgentInfo.ToProto":{"count":670316,"self":3.2041508,"total":63.716264499999994,"children":{"GenerateSensorData":{"count":670316,"self":52.6736352,"total":60.5121136,"children":{"RayPerceptionSensor.Perceive":{"count":2010948,"self":7.83848,"total":7.8384797,"children":null}}}}}}}}},"DecideAction":{"count":502727,"self":2449.7518591999997,"total":2449.7518127,"children":null},"AgentAct":{"count":502727,"self":25.5865664,"total":25.586567199999998,"children":null},"AgentInfo.ToProto":{"count":18920,"self":0.1153009,"total":1.9247490999999999,"children":{"GenerateSensorData":{"count":18920,"self":1.5903015999999999,"total":1.8094481999999998,"children":{"RayPerceptionSensor.Perceive":{"count":56760,"self":0.2191466,"total":0.2191466,"children":null}}}}}},"gauges":{"Striker.CumulativeReward":{"count":18920,"max":0.021,"min":-2.250004,"runningAverage":-0.04567972,"value":-0.0190000013,"weightedAverage":-0.0320062563}},"metadata":{"timer_format_version":"0.1.0","start_time_seconds":"1635429359","unity_version":"2020.3.17f1","command_line_arguments":"D:\\Program Files (x86)\\Unity\\2020.3.17f1\\Editor\\Unity.exe -projectpath D:\/Unity Stuff\/Futsal 1 -useHub -hubIPC -cloudEnvironment production -hubSessionId d9cc88b0-35ac-11ec-a522-57fa1cc3fc54 -accessToken XtCI22UnEKKtTLsbyY0AQVuz3Ks7b29Al_-yoThTR1E012f","communication_protocol_version":"1.5.0","com.unity.ml-agents_version":"2.1.0-exp.1","scene_name":"StrikervsStriker","end_time_seconds":"1635442149"}}